words,tfidf,pos,freq
基隆,0.5303300858899107,Nc,4
悠閒,0.4472135954999579,VH,1
基隆市,0.1767766952966369,Nc,1
故事館,0.1767766952966369,Nc,1
歷史,0.1767766952966369,Na,2
歷史館,0.1767766952966369,Nc,1
