words,tfidf,pos,freq
榕樹,0.8784659370158641,Na,3
濃蔭,0.7071067811865475,Na,1
無花果樹,0.3950006064154258,Na,1
紅色果,0.3950006064154258,Na,1
登山,0.3367476932650952,VA,1
爬山,0.30228567144514923,VA,1
