words,tfidf,pos,freq
擎天崗,1.6108937100664973,Nc,7
步道,0.9985710768000042,Na,4
碉堡,0.43924839011562655,Na,3
草原,0.43924839011562655,Na,3
山頂,0.37796447300922725,Nc,1
月光,0.37796447300922725,Na,1
業障,0.37796447300922725,Na,1
眼睛,0.37796447300922725,Na,1
雲海,0.37796447300922725,Na,1
群山,0.28261190181231305,Na,2
一望無際,0.22674227414553316,VH,1
療癒,0.22674227414553316,VC,1
山區,0.14130595090615652,Nc,1
嵩山,0.14130595090615652,Nc,2
標高,0.14130595090615652,Na,1
竹嵩山,0.14130595090615652,Nc,1
