words,tfidf,pos,freq
塗鴉牆,0.7071067811865476,Na,1
美心,0.5773502691896258,Nb,1
藝術,0.4472135954999579,Na,2
塗鴉街,0.22360679774997896,Nc,1
檳城,0.22360679774997896,Nc,1
用戶,0.22360679774997896,Na,1
美國,0.22360679774997896,Nc,1
馬來西亞,0.22360679774997896,Nc,1
