words,tfidf,pos,freq
拍照,0.5,VB,1
公園,0.2839265456072868,Nc,1
地景點,0.2839265456072868,Na,1
少女,0.2839265456072868,Na,1
