words,tfidf,pos,freq
悠閒,1.0,VH,1
玩水,0.6582472479134456,VA,4
沙灘,0.6116393095973786,Na,2
sup,0.605158729828086,FW,0
基隆,0.605158729828086,Nc,2
步道,0.11040673524690843,Na,1
警戒線,0.11040673524690843,Na,1
自行車道,0.11040673524690843,Na,1
腳踏車,0.11040673524690843,Na,1
泳圈,0.11040673524690843,Na,1
商家,0.11040673524690843,Na,1
情人湖,0.11040673524690843,Nc,1
基隆嶼,0.11040673524690843,Nc,1
下午茶,0.11040673524690843,Na,1
登山,0.11040673524690843,VA,1
平安,0.11040673524690843,VH,1
飲料店,0.11040673524690843,Nc,1
