words,tfidf,pos,freq
夕陽,0.7601495451333123,Na,1
淺水灣,0.7071067811865476,Nc,1
海風,0.5532845890679213,Na,2
海岸線,0.41679042291490814,Na,2
拍照,0.4149577877009051,VB,3
海灘,0.39364144841645343,Na,2
小型版,0.3702256896484026,Na,1
綠石槽,0.3702256896484026,Na,1
老梅,0.3702256896484026,Nb,1
垂釣,0.25213147753892823,VA,1
動物,0.25213147753892823,Na,1
海藻,0.25213147753892823,Na,1
表情,0.25213147753892823,Na,1
大自然,0.2229831943133443,Nc,1
熱鬧,0.20839521145745407,VH,1
散步,0.20839521145745407,VA,1
悠閒,0.20839521145745407,VH,1
