words,tfidf,pos,freq
朝聖,0.6749730637085344,VA,2
柳允,0.5206467559864713,Nb,1
台北,0.4712248263552398,Nc,1
圓圈圈,0.4472135954999579,Na,1
企鵝妹,0.2924896682593582,Na,1
海景,0.2924896682593582,Na,1
萬里,0.2924896682593582,Nc,1
金山,0.2924896682593582,Nc,1
