words,tfidf,pos,freq
主席,0.5773502691896258,Na,1
麒安,0.5773502691896258,Nb,1
海灘,0.49124662636702576,Na,3
衝浪,0.24287339506721833,VA,1
海沙,0.24287339506721833,Na,1
事故,0.18300706810513703,Na,1
