words,tfidf,pos,freq
清靜,0.5773502691896257,VH,1
母娘,0.5773502691896257,Nb,3
主神,0.408248290463863,Na,1
明母娘,0.408248290463863,Nb,1
金母娘娘,0.35355339059327373,Nb,1
頭皮,0.35355339059327373,Na,1
堂主,0.2773500981126146,Na,1
