words,tfidf,pos,freq
武陵,0.9049570330116425,Nc,2
農場,0.9049570330116425,Nc,2
富野,0.808682933316498,Nb,2
草地,0.598527104845399,Nc,1
七家灣溪,0.5228312093698186,Nc,1
秋楓,0.5,Na,1
公告欄,0.4495634677200867,Na,2
綠意盎然,0.3897537570813512,VH,1
櫻花樹,0.3897537570813512,Na,1
遺跡,0.3682448709470903,Na,1
櫻花祭,0.3195774581544905,Na,1
旅店,0.31046921422338036,Nc,1
櫻花,0.31046921422338036,Na,3
何處,0.22478173386004335,Nc,1
文物館,0.22478173386004335,Nc,1
