words,tfidf,pos,freq
七分寮山,0.8954434633075827,Nc,3
步道,0.87660671435989,Na,2
健行,0.5189380717981641,VA,1
爬山,0.5189380717981641,VA,1
泥土路,0.5189380717981641,Na,1
幽靜,0.3779644730092272,VH,1
騎車,0.3779644730092272,VA,1
山頂,0.3480989008622937,Nc,1
礦務課,0.3480989008622937,Nc,1
務課,0.3167659306183653,Nc,2
標高,0.3167659306183653,Na,1
青石,0.3167659306183653,Na,1
