words,tfidf,pos,freq
悠閒,0.6070787148636269,VH,1
踏青,0.6070787148636269,VA,1
家鄉園,0.5,Nc,1
