words,tfidf,pos,freq
公園,4.250140133564721,Nc,15
榕樹,1.8949601529778324,Na,5
清幽,0.7625744782144853,VH,1
市場,0.6994518605407399,Nc,2
散步,0.6290863483862142,VA,1
燃眉之急,0.5765153387688786,Na,1
悠閒,0.5324839225419621,VH,1
南投市,0.35498953256201976,Nc,1
面前,0.26127813559417074,Nc,1
傳統,0.2367005763116409,VH,1
購物,0.2367005763116409,VA,1
休憩區,0.2367005763116409,Nc,1
市街,0.2367005763116409,Na,1
健身,0.1934312355899533,VA,1
圓環,0.1758617971964237,Nc,1
好感,0.1758617971964237,Na,1
