words,tfidf,pos,freq
櫻花,0.6124885199906596,Na,2
情景,0.35966055857753126,Na,1
三芝,0.17905207022590688,Nc,1
山滿,0.17905207022590688,Na,1
普照,0.17905207022590688,Nb,1
淡水,0.17905207022590688,Nc,1
