words,tfidf,pos,freq
瀑布,0.8573886514087137,Na,8
合谷,0.3432212637248229,Nc,2
碩仁,0.3432212637248229,Nb,2
枇杷洞,0.3166247436123954,Na,2
三貂嶺,0.293968080917114,Nc,2
瀑布群,0.293968080917114,Na,2
壯觀,0.26649277234482266,VH,1
自然,0.26649277234482266,VH,1
泥土路,0.26649277234482266,Na,1
步道,0.23445208742803858,Na,1
石洞,0.23445208742803858,Na,1
鐵梯,0.23445208742803858,Na,1
山寓,0.146984040458557,Na,1
早午餐,0.146984040458557,Na,1
瑞芳,0.146984040458557,Nc,1
福興宮,0.146984040458557,Nc,1
