words,tfidf,pos,freq
營舍,0.4720977178410907,Nc,2
林木,0.37796447300922725,Na,1
海風,0.37796447300922725,Na,1
雜草叢生,0.29011089474206686,VH,1
海岸,0.29011089474206686,Nc,1
海邊,0.29011089474206686,Na,1
牆壁,0.29011089474206686,Na,1
軍營,0.29011089474206686,Nc,1
路跡,0.2786226900779747,Na,1
三角點,0.2565581004705216,Nc,2
下員坑山,0.2565581004705216,Nc,1
二等,0.2565581004705216,Na,1
麟山鼻,0.2565581004705216,Nc,1
