words,tfidf,pos,freq
沙灘,1.5245480538848915,Na,5
古老,0.7943567727279524,VH,1
玩水,0.6219969642657237,VA,1
牽罟魚,0.5773502691896258,Na,1
漂流木,0.33380316900008766,Na,1
菩薩,0.33380316900008766,Na,1
金山,0.19242627148078512,Nc,1
隱藏版,0.19242627148078512,Na,1
