words,tfidf,pos,freq
公園,0.7606700512763658,Nc,3
游泳,0.7071067811865475,VA,1
沙灘,0.7071067811865475,Na,1
桃花源,0.5773502691896257,Nc,1
清新,0.5,VH,1
溪流,0.5,Na,1
年齢層,0.46227857139603373,Na,1
散步,0.3686336996192876,VA,1
河川,0.3686336996192876,Na,1
生態,0.3686336996192876,Na,1
電線皮,0.3394333629465825,Na,1
壯觀,0.21477123875947132,VH,1
壁畫,0.21477123875947132,Na,1
游戲,0.21477123875947132,Na,1
煤礦,0.21477123875947132,Na,1
礦坑,0.21477123875947132,Na,1
運煤車,0.21477123875947132,Na,1
