words,tfidf,pos,freq
公園,1.2705106839553,Nc,3
散步,0.5155428872594596,VA,1
花草,0.5,Na,1
商店,0.4036229750543611,Nc,1
