words,tfidf,pos,freq
三角點,0.981807343279203,Nc,6
丁火巧山,0.4909036716396015,Na,3
中幅子山,0.4909036716396015,Nc,3
二等,0.4909036716396015,Na,3
暖曦隊,0.4472135954999579,Na,1
藍天隊,0.4472135954999579,Nb,1
山頂,0.26540525732611653,Nc,1
宏偉,0.178106138383648,VH,1
主稜,0.178106138383648,Na,1
台北縣,0.178106138383648,Nc,1
山峰,0.178106138383648,Na,1
海邊,0.178106138383648,Na,1
磺嘴山,0.178106138383648,Nc,1
萬里,0.178106138383648,Nc,2
萬里鄉,0.178106138383648,Nc,1
頂峰,0.178106138383648,Nc,1
