words,tfidf,pos,freq
散步,2.5544807109302896,VA,5
拍照,0.8054694189856029,VB,2
夜景,0.7071067811865476,Na,1
清風,0.7071067811865476,Na,1
新莊,0.6599375069144248,Nc,2
菜市場,0.6063801061603757,Nc,1
浪漫,0.38993067232980416,VH,1
中華路站,0.38993067232980416,Nc,1
中港,0.37796447300922725,Nc,1
東西路,0.37796447300922725,Nc,1
河道,0.37796447300922725,Na,1
時侯,0.36217874390261157,Na,1
約會,0.3484134931230384,VB,1
老少咸宜,0.3324500355784145,VH,1
公園,0.2599369149907451,Nc,1
壁畫,0.2599369149907451,Na,1
水池,0.21541509382617216,Na,1
