words,tfidf,pos,freq
低速檔,0.5233582502695435,Na,1
柏油,0.3218961114619563,Na,1
鋪面,0.3218961114619563,Na,1
坡段,0.28867513459481287,Na,1
