words,tfidf,pos,freq
海浪,0.6070787148636269,Na,1
海風,0.6070787148636269,Na,1
海景,0.4386272644223536,Na,2
蚊子蟲,0.3600623796425964,Na,1
螞蟻,0.3600623796425964,Na,1
北海岸,0.3185183772947095,Nc,2
濱海,0.15925918864735475,VH,1
中角灣,0.15925918864735475,Nc,1
沙灘,0.15925918864735475,Na,1
海岸,0.15925918864735475,Nc,3
燭臺,0.15925918864735475,Na,1
野柳,0.15925918864735475,Nc,1
金山,0.15925918864735475,Nc,1
雙嶼,0.15925918864735475,Nc,1
