words,tfidf,pos,freq
冷渠,1.0,Na,1
玩水,0.7498900638601266,VA,1
水水,0.5475941168405349,Nc,1
歷史,0.4729309886958548,Na,2
戲水,0.3535533905932738,VA,1
導覽,0.33751634824142596,VC,1
水利,0.3110619707477633,Na,1
解說牌,0.3110619707477633,Na,1
水力,0.28379643281954325,Na,1
二峰圳,0.225011747580722,Nc,1
林邊溪,0.225011747580722,Na,1
水井,0.225011747580722,Na,1
