words,tfidf,pos,freq
迷霧,0.7071067811865475,Na,1
拍攝,0.6060433187339399,VC,1
台北,0.6060433187339399,Nc,1
日出,0.5773502691896257,VA,1
攝影點,0.5773502691896257,Na,1
琉璃光,0.5773502691896257,Na,1
雲海,0.5773502691896257,Na,1
星夜景,0.5182909034319405,Na,1
