words,tfidf,pos,freq
公園,2.419628078407479,Nc,7
籃球場,1.0369323778490505,Nc,4
草皮,0.6299270559823408,Na,2
遊樂,0.5706260506402822,VA,2
草地,0.5645203080587646,Nc,3
舒適度,0.5456423931054788,Na,1
籃球,0.4763325940314029,Na,5
籃框,0.4763325940314029,Na,1
溜滑梯,0.38207969711979745,VA,1
觀音山,0.37796447300922725,Nc,1
放風,0.35610766707577485,VA,1
草坪,0.35610766707577485,Na,1
椿象,0.27710346618072806,Na,1
紅姬,0.27710346618072806,Nb,1
五股,0.2200208462174892,Nc,1
交管,0.2200208462174892,Na,1
淡水,0.2200208462174892,Nc,1
