words,tfidf,pos,freq
瀑布,0.4082482904638631,Na,1
路跡,0.4082482904638631,Na,1
