words,tfidf,pos,freq
關西,1.6372327385346082,Nc,6
仙草,1.2782824208351644,Na,7
金城武樹,0.8773444499777437,Nb,3
日出,0.7071067811865476,VA,2
遼闊,0.7071067811865476,VH,1
仙草田,0.7071067811865476,Na,1
仙草茶,0.6322610180498407,Na,1
種植地,0.5847844627854291,Nc,1
仙草花,0.5405271070214133,Na,1
散步,0.32081580694612216,VA,1
堤岸,0.32081580694612216,Na,1
櫻花道,0.32081580694612216,Na,1
鳳山溪,0.32081580694612216,Nc,1
農田,0.3035654724658119,Na,1
新竹,0.2671282448751039,Nc,1
