words,tfidf,pos,freq
大武山,1.0,Nc,1
長潭,0.5254727492640658,Nc,1
瀑布,0.40771941015405955,Na,3
長廊,0.3219350187059398,Nc,2
山卡,0.28081077688711664,Nb,2
原始,0.19520535447351134,VH,1
自然,0.19520535447351134,VH,1
暴雨,0.19520535447351134,Na,1
水深,0.19520535447351134,Na,1
峽谷,0.1609675093529699,Na,1
水色,0.1609675093529699,Na,1
溪流,0.1609675093529699,Na,1
