words,tfidf,pos,freq
女王頭,0.897686322245996,Na,4
q版,0.5773502691896257,Na,0
朝聖,0.5324019036382708,VA,1
接班人,0.5324019036382708,Na,1
名單,0.3239668441628899,Na,1
公園,0.23405269709048,Nc,1
地質,0.23405269709048,Na,1
野柳,0.23405269709048,Nc,1
主幹道,0.1450526003930339,Na,1
女王,0.1450526003930339,Na,5
石林,0.1450526003930339,Nc,1
