words,tfidf,pos,freq
瀑布,0.5163977794943222,Na,2
戲水,0.2581988897471611,VA,1
溫泉,0.2581988897471611,Na,1
野溪,0.2581988897471611,Nc,1
