words,tfidf,pos,freq
浪漫感,0.7071067811865476,Na,1
拍照,0.6302338086234388,VB,2
八里區,0.2579726639823637,Nc,1
婚紗照,0.2579726639823637,Na,1
新北市,0.2579726639823637,Nc,1
紀念,0.18647845441459876,VJ,1
八里,0.18647845441459876,Nc,2
左岸,0.18647845441459876,Nc,1
新人,0.18647845441459876,Na,1
禮服,0.18647845441459876,Na,1
藝術,0.18647845441459876,Na,1
