words,tfidf,pos,freq
幻境,0.5773502691896257,Na,1
海沙蜃樓,0.5773502691896257,Na,1
潮汐,0.5773502691896257,Na,1
八里,0.35355339059327373,Nc,1
沙雕,0.35355339059327373,Na,1
藝術,0.35355339059327373,Na,1
