words,tfidf,pos,freq
沙雕,0.6036151167434708,Na,3
河景,0.4472135954999579,Na,1
石礁,0.4472135954999579,Na,1
自然,0.2781831059368021,VH,3
螃蟹,0.2781831059368021,Na,2
日落,0.20652513284828133,VA,1
仙境,0.20652513284828133,Nc,1
夕陽,0.20652513284828133,Na,1
沙雕展,0.20652513284828133,Na,1
藝術展,0.20652513284828133,Na,1
動物,0.13909155296840106,Na,1
塑料,0.13909155296840106,Na,1
大自然,0.13909155296840106,Nc,1
海灘,0.13909155296840106,Na,1
蝸牛,0.13909155296840106,Na,1
