words,tfidf,pos,freq
夕陽,1.0,Na,1
八里,0.9958980584038999,Nc,3
沙灘,0.8372662664754353,Na,2
海灘,0.496021948476805,Na,2
戲水,0.4912664834477578,VA,1
漁港,0.48508702515900104,Nc,1
台北港,0.4276127347858013,Nc,1
渡船頭,0.4067377772713124,Nc,1
日落,0.33746752543373065,VA,1
釣魚,0.32311810799867907,VA,1
立足點,0.32311810799867907,Na,1
竹梭,0.32311810799867907,Na,1
原址,0.31618818227934564,Na,1
左岸,0.31618818227934564,Nc,1
自行車道,0.31618818227934564,Na,1
游泳,0.22386483411633,VA,1
港口,0.22386483411633,Nc,1
