words,tfidf,pos,freq
體驗,0.9223962659078258,VC,3
sup,0.46301229443633307,FW,1
游泳,0.408248290463863,VA,1
海灘,0.408248290463863,Na,1
群山,0.408248290463863,Na,1
學會,0.3974576722596182,Nc,1
挑戰團,0.37001798054404395,Na,1
阿樺,0.3588603973297462,Nb,1
凡人,0.28845389812106687,Na,2
業主,0.28845389812106687,Na,2
象鼻岩,0.14422694906053343,Na,1
