words,tfidf,pos,freq
清馨,0.7071067811865476,Nb,1
茶園,0.652726451372936,Nc,3
雜草叢生,0.6507510821630336,VH,2
櫻花,0.46915472418344945,Na,2
同心圓,0.2637082849824769,Na,1
