words,tfidf,pos,freq
阿文,2.414002156776192,Nb,4
體驗,1.0539017128121992,VC,3
紋身店,0.5773502691896257,Nc,1
質量,0.5773502691896257,Na,1
阿光,0.5773502691896257,Nb,1
功力,0.38181718907521867,Na,1
專門店,0.2745986887951212,Nc,1
英語,0.2596782626659297,Na,1
技能,0.20586526918032594,Na,1
日程,0.20586526918032594,Na,1
宮崎駿,0.2005645974076459,Nb,1
小艾,0.2005645974076459,Nb,1
