words,tfidf,pos,freq
匯流口,0.4364357804719848,Nc,2
曬太陽,0.35355339059327373,VA,1
斷崖式,0.35355339059327373,Na,1
水池,0.35355339059327373,Na,1
瀑布,0.35355339059327373,Na,1
南北溪,0.2182178902359924,Nc,1
隘寮,0.2182178902359924,Nc,2
隘寮南溪,0.2182178902359924,Nc,1
