words,tfidf,pos,freq
隧道,1.6200499529040049,Na,4
北投,0.7424289753196573,Nc,2
台北市,0.6765051449942094,Nc,1
文化,0.5,Na,1
人文,0.49324462510330414,Na,1
絲路,0.48089653910040486,Na,1
健行,0.408248290463863,VA,1
清新,0.408248290463863,VH,1
公園,0.408248290463863,Nc,1
古蹟,0.408248290463863,Na,1
時空,0.408248290463863,Na,1
