words,tfidf,pos,freq
自然,0.7911142125514603,VH,3
溪谷,0.7745206351273132,Na,2
河景,0.6025846284713108,Na,1
大自然,0.5773502691896257,Nc,1
拍照點,0.447213595499958,Na,1
峽谷,0.3459713164467511,Na,1
烏來,0.3459713164467511,Nc,1
水利署,0.3084892088886698,Nc,1
