words,tfidf,pos,freq
外星,0.7071067811865476,Nc,1
南湖,0.3775540295698754,Nc,2
峰景,0.2734028405007566,Na,1
龜山島,0.2734028405007566,Nc,1
日出,0.21472361464955103,VA,1
山頂,0.21472361464955103,Nc,1
捷徑,0.21472361464955103,Na,1
懸崖,0.21472361464955103,Nc,1
上谷,0.21472361464955103,Nb,1
百岳,0.18143447089841666,Neu,1
亂石,0.18143447089841666,Na,1
冷鋒,0.18143447089841666,Na,1
宜蘭,0.18143447089841666,Nc,1
碎石坡,0.18143447089841666,Na,1
花蓮,0.18143447089841666,Nc,1
雲海,0.18143447089841666,Na,1
霧淞,0.18143447089841666,Na,1
