words,tfidf,pos,freq
沙灘,2.0820309900283664,Na,5
海岸線,0.4765150109607426,Na,1
海岸,0.3260947469090203,Nc,3
海岸路,0.3260947469090203,Nc,1
瘋狗浪,0.2547905486622996,Na,1
釣客,0.2547905486622996,Na,1
