words,tfidf,pos,freq
壯觀,0.80451259066746,VH,2
南湖大山,0.35355339059327373,Nc,1
尖山,0.35355339059327373,Nc,1
稜線,0.35355339059327373,Na,1
霸聖,0.35355339059327373,Nb,1
登山,0.2886751345948129,VA,1
體驗,0.2886751345948129,VC,1
中央山脈,0.2886751345948129,Nc,1
山峰,0.1935196438990658,Na,1
雪山,0.1935196438990658,Na,1
頭頂,0.1935196438990658,Nc,1
