words,tfidf,pos,freq
商場,1.2261178333557652,Nc,2
南科,0.807350985155701,Nc,5
拍攝,0.6043915496769748,VC,1
鳳凰花,0.36575566976860524,Na,1
哈利波特,0.35355339059327373,Nb,1
安全帶,0.27566411676188946,Na,2
想像力,0.26329154043207814,Na,1
藝術,0.26329154043207814,Na,1
