words,tfidf,pos,freq
大社,0.4472135954999579,Nc,1
德文,0.4472135954999579,Na,1
大自然,0.3333333333333333,Nc,1
