words,tfidf,pos,freq
住戶,0.2773500981126145,Na,1
房型,0.2773500981126145,Na,1
河景,0.2773500981126145,Na,1
泳池,0.2773500981126145,Na,1
風水,0.2773500981126145,Na,1
