words,tfidf,pos,freq
戰鬥機,0.9580979110624175,Na,2
震撼,0.7071067811865475,VJ,1
發動機,0.42131406318758063,Na,1
航空迷,0.42131406318758063,Na,1
勇鷹,0.39944901322508797,Na,1
曬太陽,0.3333333333333333,VA,1
