words,tfidf,pos,freq
燈塔,0.4522670168666454,Na,3
富貴角,0.3015113445777636,Na,2
拍攝,0.1507556722888818,VC,1
日落,0.1507556722888818,VA,1
大炮機,0.1507556722888818,Na,1
手機族,0.1507556722888818,Na,1
漁港,0.1507556722888818,Nc,1
直線,0.1507556722888818,Na,1
石門,0.1507556722888818,Nc,1
變數,0.1507556722888818,Na,1
雲層,0.1507556722888818,Na,1
