words,tfidf,pos,freq
合歡山,1.1736916843947578,Nc,2
松雪樓,0.7572996865310766,Nc,1
大禹嶺,0.7462813305313651,Nc,3
大禹嶺山,0.7071067811865476,Nc,1
療癒,0.6037178474799156,VC,1
古道,0.5421525237549534,Na,2
台14線,0.447213595499958,Nc,1
帝雉,0.447213595499958,Na,1
越嶺,0.34855666175711075,Nc,1
散步,0.2801255558555219,VA,1
郊遊,0.2801255558555219,VA,1
歷史,0.2801255558555219,Na,1
芬多精,0.2801255558555219,Na,1
蟲鳴,0.2801255558555219,Na,1
高山,0.2801255558555219,Na,1
步道,0.2697420359228929,Na,1
