words,tfidf,pos,freq
清幽,1.0,VH,1
寧靜,0.9394469953059386,VH,2
莊嚴,0.7316833106353438,VH,2
老少咸宜,0.5773502691896258,VH,1
庭園,0.5138298280163376,Na,1
法門,0.5138298280163376,Na,1
菩提,0.5138298280163376,Na,1
散步,0.3106439780851934,VA,1
園林,0.3106439780851934,Na,1
