words,tfidf,pos,freq
diy,2.7103582668377526,FW,1
筊白筍,2.3299830885039476,Na,9
體驗,1.8911689022907665,VC,8
茭白筍,1.5184482216325486,Na,8
泡菜,1.070551561500089,Na,5
生態,0.7071067811865476,Na,1
保育區,0.7071067811865476,Nc,1
農夫,0.6540270561536955,Na,2
環山,0.5773502691896257,VH,1
茭白筍田,0.5773502691896257,Na,1
農場,0.5166301814088163,Nc,1
農村,0.41318772497589956,Nc,1
蛙類,0.4031104664614855,Na,1
農民,0.39572419295820027,Na,1
農業,0.3583373632007807,Na,1
協會,0.32173110983849296,Nc,1
阿肥,0.28554216321427955,Nb,1
