words,tfidf,pos,freq
自然,0.7071067811865475,VH,1
漁獲量,0.5,Na,1
海南島,0.35355339059327373,Nc,1
魚獲,0.35355339059327373,Na,1
