words,tfidf,pos,freq
古老,0.7071067811865475,VH,1
靈魂,0.7071067811865475,Na,1
阿公,0.3598459955665589,Na,1
過年,0.292070034636379,VA,1
喜樹老街,0.16822546027411528,Nc,1
歷史,0.16822546027411528,Na,1
神像,0.16822546027411528,Na,1
老街,0.16822546027411528,Nc,2
農作,0.16822546027411528,Na,1
農村,0.16822546027411528,Nc,1
