words,tfidf,pos,freq
櫻花鉤吻鮭,1.0,Na,1
視界,0.7071067811865475,Na,1
雪羊,0.7071067811865475,Na,1
合歡山,0.5773502691896257,Nc,1
嘆息灣,0.5773502691896257,Nc,1
爬山,0.5326316363791197,VA,1
負離子,0.3162277660168379,VJ,1
仙境,0.3162277660168379,Nc,1
密境,0.3162277660168379,Na,1
極品,0.3162277660168379,Na,1
生態,0.3162277660168379,Na,1
芬多精,0.3162277660168379,Na,1
