words,tfidf,pos,freq
導覽,0.5,VC,1
麗娟,0.5,Nb,1
主人家,0.2294157338705618,Nc,1
小米酒,0.2294157338705618,Na,1
祕境,0.2294157338705618,Nc,1
