words,tfidf,pos,freq
清涼,0.534046329052269,VH,1
步道,0.47547960180947824,Na,2
下游,0.26844732181623254,Nc,2
四寮溪,0.13422366090811627,Nc,1
木棧,0.13422366090811627,Na,1
梳子壩,0.13422366090811627,Nc,1
植草磚,0.13422366090811627,Na,1
溪水,0.13422366090811627,Na,1
溪流,0.13422366090811627,Na,1
茄苳,0.13422366090811627,Na,1
鐵橋,0.13422366090811627,Na,1
