words,tfidf,pos,freq
生態,1.3622188674955624,Na,6
濕地,1.1342133757474073,Na,3
生態環境,1.047198202621496,Na,2
拍照,0.7071067811865475,VB,1
自然,0.7071067811865475,VH,2
亞馬遜,0.7071067811865475,Nc,1
保護區,0.7071067811865475,Nc,1
落日,0.7071067811865475,Na,1
侯鳥,0.45544666642199266,Na,1
清幽,0.4093914537603853,VH,1
夕陽,0.4093914537603853,Na,1
拍攝,0.40064718009375494,VC,1
四草,0.40064718009375494,Nc,1
水草,0.35834691150244014,Na,1
大自然,0.34614284768229253,Nc,1
