words,tfidf,pos,freq
風化,0.5,VHC,1
公民,0.2132007163556104,Na,1
動物,0.2132007163556104,Na,1
果皮,0.2132007163556104,Na,1
生態,0.2132007163556104,Na,1
素養,0.2132007163556104,Na,1
衝擊力,0.2132007163556104,Na,1
