words,tfidf,pos,freq
坪頂圳,1.0434950303534345,Nc,3
清涼,1.0,VH,1
水清,1.0,Na,1
山壁,0.21333292010995292,Na,1
水利會,0.21333292010995292,Nc,1
洞窟,0.21333292010995292,Na,1
礦坑,0.21333292010995292,Na,1
