words,tfidf,pos,freq
臺東,0.3708114377303563,Nc,2
夜市,0.3333333333333333,Nc,1
攤販,0.30140979065993256,Na,2
拍攝,0.18540571886517815,VC,1
多良,0.18540571886517815,Nb,1
高雄,0.18540571886517815,Nc,1
情境照,0.15748909583528028,Na,1
海景,0.15748909583528028,Na,1
誤差,0.15748909583528028,Na,1
釋迦,0.15748909583528028,Nb,1
鳳梨,0.15748909583528028,Na,1
鹹食,0.15748909583528028,Na,1
