words,tfidf,pos,freq
清幽,1.3803596039549775,VH,2
瀑布,1.319029480483623,Na,7
步道,0.8934327566081992,Na,3
夢幻寺,0.6588808793927101,Nc,2
三貂嶺,0.5991043387051308,Nc,2
寺廟,0.35308274352177893,Nc,1
幽靜,0.3368660403367744,VH,1
瀑布群,0.3368660403367744,Na,1
清涼,0.33686604033677436,VH,1
溪蝦,0.33686604033677436,Na,1
寧靜,0.3084892088886698,VH,1
清新,0.3084892088886698,VH,1
師父,0.3084892088886698,Na,1
住持,0.20412414523193148,Na,1
危機,0.20412414523193148,Na,1
法號,0.20412414523193148,Na,1
