words,tfidf,pos,freq
色筆,0.5773502691896257,Na,1
磚塊,0.37796447300922725,Na,1
