words,tfidf,pos,freq
公園,3.463677123688934,Nc,9
遊樂,1.2209320948222309,VA,3
防護,0.6063801061603757,Na,1
大圓區,0.47300629400398075,Nc,1
大園,0.4345126927523967,Nc,2
溜滑梯,0.36401847044651003,VA,1
草皮,0.3159715595418375,Na,1
攀爬,0.2921501992217411,VC,1
兒二,0.2921501992217411,Na,1
大園人,0.27929351224147264,Na,1
