words,tfidf,pos,freq
沙灘,0.8416421713134774,Na,2
遼闊,0.7071067811865476,VH,1
漁村,0.5168341301031996,Nc,1
外木山,0.4591374710855959,Nc,1
平台,0.21320071635561044,Na,1
漁港,0.21320071635561044,Nc,1
釣友,0.21320071635561044,Na,1
