words,tfidf,pos,freq
大武山,1.256169441285117,Nc,4
夜景,1.0,Na,1
高山,0.8298282427523309,Na,2
地形,0.5773502691896258,Na,1
泰武鄉,0.4679315157550741,Nc,1
家鄉,0.4210102180616094,Nc,1
屏東,0.4210102180616094,Nc,1
高雄,0.38402391949482667,Nc,1
清新,0.3142951827900041,VH,1
世間,0.2111820529881847,Nc,1
婦人,0.2111820529881847,Na,1
彩衣,0.2111820529881847,Na,1
眉髮,0.2111820529881847,Na,1
紅顏,0.2111820529881847,Na,1
霜雪,0.2111820529881847,Na,1
風中殘燭,0.2111820529881847,Na,1
