words,tfidf,pos,freq
遊樂,0.3207063470844535,VA,1
草堆,0.3207063470844535,Na,1
戰車,0.30538579153971074,Na,1
