words,tfidf,pos,freq
公園,1.591832356466862,Nc,7
轎車,0.4953405277074676,Na,1
關音山,0.34148191407493217,Nc,1
溜滑梯,0.28128553876962265,VA,1
草皮,0.28128553876962265,Na,1
騎車,0.28058306007646655,VA,1
滑梯,0.28058306007646655,Na,2
靜電,0.28058306007646655,Na,1
黃昏,0.22306677891365032,Nd,1
五股,0.21993934776381815,Nc,2
五股人,0.21993934776381815,Na,1
巴費,0.21993934776381815,Nb,1
滑草,0.21608539135932112,VH,1
盪鞦韆,0.21608539135932112,VA,1
新公園,0.21608539135932112,Nc,1
