words,tfidf,pos,freq
稻米,0.5773502691896257,Na,1
林蔭大道,0.4082482904638631,Nc,1
玉里,0.4082482904638631,Nc,1
花海,0.4082482904638631,Na,1
農田,0.4082482904638631,Na,1
稻田,0.3535533905932738,Na,1
