words,tfidf,pos,freq
湖面,1.0,Na,2
生態,0.7071067811865475,Na,1
懶惰鬼,0.421704352527314,Na,1
植物,0.40824829046386296,Na,1
女性,0.31924936298094636,Na,1
村長,0.31924936298094636,Na,1
池塘,0.31924936298094636,Nc,1
