words,tfidf,pos,freq
體驗,0.6083131546128155,VC,1
導覽,0.2886751345948129,VC,1
吊橋,0.2886751345948129,Na,1
布洛灣,0.2886751345948129,Nc,1
