words,tfidf,pos,freq
老少咸宜,1.0,VH,1
莊嚴,0.5773502691896257,VH,1
彌勒佛,0.5773502691896257,Nb,1
