words,tfidf,pos,freq
玩水,1.1812573333411298,VA,2
文化,1.0,Na,1
芒果,0.5773502691896258,Na,1
藍山,0.5773502691896258,Nb,1
放電,0.408248290463863,VA,1
冷水池,0.408248290463863,Na,1
山泉水,0.408248290463863,Na,1
自然,0.21460326397798096,VH,1
世外桃源,0.21460326397798096,Na,1
交響樂,0.21460326397798096,Na,1
大武山,0.21460326397798096,Nc,1
色階,0.21460326397798096,Na,1
