words,tfidf,pos,freq
隧道,1.3993011775830542,Na,3
悠閒,1.0,VH,1
拍照,0.6601316895827898,VB,3
樹葉,0.4688051375116662,Na,1
清單,0.46320041838954756,Na,1
綠意盎然,0.4472135954999579,VH,1
小葉,0.38746834442722644,Na,1
欖仁樹,0.38746834442722644,Na,1
學甲,0.32459276171438417,Na,1
車速,0.30410927985692265,Na,1
綠葉,0.22183020113414675,Na,1
