words,tfidf,pos,freq
菜圃,0.5263790962068622,Nc,2
散步,0.5136943837889028,VA,1
清幽,0.5136943837889028,VH,1
天然,0.408248290463863,A,1
公園,0.408248290463863,Nc,1
台北市,0.408248290463863,Nc,1
生態區,0.408248290463863,Nc,1
菜園,0.408248290463863,Nc,1
步道,0.33729980682365385,Na,1
綠樹,0.33729980682365385,Na,1
