words,tfidf,pos,freq
草原,0.5519208355408766,Na,3
體驗,0.4472135954999579,VC,1
古道,0.4472135954999579,Na,2
富士坪,0.39041604502066835,Nc,2
步道,0.3830474421989202,Na,2
思古,0.26017797699273276,VH,1
登山鞋,0.26017797699273276,Na,1
涼爽,0.25179518460356537,VH,1
植哉,0.25179518460356537,Nb,1
瑪鍊溪,0.25179518460356537,Nc,1
登山,0.18397361184695887,VA,2
大尖,0.18397361184695887,Nc,1
富士古道,0.18397361184695887,Nb,1
山腰,0.18397361184695887,Nc,1
牧牛,0.18397361184695887,Na,1
磺嘴山,0.18397361184695887,Nc,1
