words,tfidf,pos,freq
北峰,0.3535533905932738,Nc,1
網菜頭崙,0.3535533905932738,Na,1
