words,tfidf,pos,freq
深潭,0.3333333333333333,Na,1
溪水,0.3333333333333333,Na,1
