words,tfidf,pos,freq
馬兒,0.32444284226152503,Na,3
井部山,0.16222142113076252,Nb,1
原居地,0.16222142113076252,Nc,1
地質,0.16222142113076252,Na,1
山腹,0.16222142113076252,Na,1
排灣族,0.16222142113076252,Nb,1
文化,0.16222142113076252,Na,1
村名,0.16222142113076252,Na,1
標高,0.16222142113076252,Na,1
歷史,0.16222142113076252,Na,1
部落,0.16222142113076252,Nc,1
馬兒村,0.16222142113076252,Nc,1
