words,tfidf,pos,freq
水鹿,0.6320217767184382,Na,1
露營,0.3535533905932738,VA,1
安東軍,0.3535533905932738,Na,1
活水,0.3535533905932738,Na,1
地雷區,0.2948399117901519,Nc,1
妹池,0.2948399117901519,Na,2
屯路妹池,0.2948399117901519,Nc,1
