words,tfidf,pos,freq
水鹿,1.2572656448464592,Na,3
小偷,0.8155639275319199,Na,1
屯鹿池,0.408248290463863,Nc,1
登山,0.32438424211583,VA,1
