words,tfidf,pos,freq
寧靜,0.7071067811865475,VH,1
仙境,0.4472135954999579,Nc,1
能力,0.33333333333333337,Na,1
謊話,0.33333333333333337,Na,1
