words,tfidf,pos,freq
步道,1.491989384154047,Na,3
標高,0.7071067811865475,Na,1
貢寮區,0.5163977794943223,Nc,2
日出,0.4594336046639039,VA,1
貢寮端,0.40824829046386296,Nc,1
雙溪端,0.40824829046386296,Nc,1
新北市,0.25819888974716115,Nc,1
雙溪區,0.25819888974716115,Nc,1
雙澳,0.25819888974716115,Nc,1
