words,tfidf,pos,freq
南峰,0.39223227027636803,Nc,2
事實,0.19611613513818402,Na,1
南湖,0.19611613513818402,Nc,1
地形圖,0.19611613513818402,Na,1
小菜,0.19611613513818402,Na,1
山脊,0.19611613513818402,Na,1
