words,tfidf,pos,freq
台北港,1.5880749248364974,Nc,7
山嶺,0.5773502691896257,Na,1
八里,0.5751950544988299,Nc,2
車軌,0.5622000500694767,Na,2
夜景,0.5197423534426517,Na,2
海天一色,0.512572165380471,Na,1
柚子茶,0.512572165380471,Na,1
香淳,0.46639405537970413,Nb,1
夜拍,0.37699712713797434,Na,1
咖啡豆,0.37163005576028624,Na,1
自家,0.37163005576028624,Nc,1
觀音山,0.35530917869067,Nc,2
海岸線,0.2636186392897671,Na,1
台64,0.20722600965864843,Nb,1
拍攝,0.20722600965864843,VC,1
悠閒,0.18849481590383552,VH,1
民意路,0.18849481590383552,Nc,1
