words,tfidf,pos,freq
公園,1.5826778774677055,Nc,5
清靜,1.0,VH,1
狗屎味,1.0,Na,1
中取靜,0.595112237800913,Nc,1
避暑,0.4553178018790974,VA,1
埸地,0.4547700422908301,Na,1
平和里,0.4547700422908301,Nc,1
南投,0.4510776734366207,Nc,2
健身,0.22553883671831035,VA,1
傳統,0.22553883671831035,VH,1
南陽路,0.22553883671831035,Nc,1
市公所,0.22553883671831035,Nc,1
市場,0.22553883671831035,Nc,1
民權路,0.22553883671831035,Nc,1
魚池,0.22553883671831035,Nc,1
