words,tfidf,pos,freq
登山口,0.6995075360895138,Nc,2
所在處,0.5773502691896257,Nc,1
洞穴,0.5773502691896257,Na,1
住戶,0.5164588738693118,Na,1
步道,0.5164588738693118,Na,1
河道,0.2917409968381361,Na,1
