words,tfidf,pos,freq
人情味,0.4082482904638631,Na,1
大自然,0.4082482904638631,Nc,1
