words,tfidf,pos,freq
海風,0.3333333333333333,Na,1
夕陽,0.25000000000000006,Na,1
沙灘,0.25000000000000006,Na,1
粉紫色,0.25000000000000006,Na,1
