words,tfidf,pos,freq
湖光山色,0.408248290463863,Na,1
健走,0.2886751345948129,VA,1
清幽,0.2886751345948129,VH,1
