words,tfidf,pos,freq
牛港鰺,1.0,Nc,1
夜市,0.7721019520972486,Nc,1
紫霞,0.7071067811865476,Nb,1
日出,0.6388750051089972,VA,2
亭子,0.434992305649691,Na,1
海岸,0.34529449008994684,Nc,1
花蓮港,0.29106533789912825,Nc,1
輪船,0.29106533789912825,Na,1
海天,0.29106533789912825,Na,1
散步,0.25636902128511674,VA,1
黃昏,0.25636902128511674,Nd,1
公園,0.25636902128511674,Nc,1
南濱,0.25636902128511674,Nc,1
山巒,0.25636902128511674,Na,1
杜康,0.16031125143719682,Nb,1
海邊,0.16031125143719682,Na,1
理論,0.16031125143719682,Na,1
