words,tfidf,pos,freq
公園,0.5547001962252291,Nc,2
台北市,0.40824829046386296,Nc,1
滑板場,0.40824829046386296,Nc,1
運動場,0.40824829046386296,Nc,1
五股,0.2773500981126146,Nc,1
