words,tfidf,pos,freq
塑膠,0.2581988897471611,Na,1
煙蒂,0.2581988897471611,Na,1
珊瑚礁,0.2581988897471611,Na,1
舉動,0.2581988897471611,Na,1
