words,tfidf,pos,freq
碉堡,0.8789951831913967,Na,3
山區,0.2019815691581189,Nc,1
擎天崗,0.2019815691581189,Nc,1
步道,0.2019815691581189,Na,1
草原,0.2019815691581189,Na,1
