words,tfidf,pos,freq
觀音山,0.7541415736659149,Nc,2
登山,0.6931202838598163,VA,2
山頂,0.61879725609221,Nc,2
山友,0.5911856587790941,Na,2
岔路,0.5686795276349375,Na,2
霧霾,0.4673128060587167,Na,1
健行,0.4569319928870177,VA,1
涼爽,0.32309971071149357,VH,1
步道,0.31622776601683794,Na,1
南勢角山,0.2843397638174687,Nc,1
右手,0.2843397638174687,Na,1
文筆,0.2843397638174687,Na,1
遼闊,0.2827137795656984,VH,1
出海口,0.2827137795656984,Nc,1
淡水,0.2827137795656984,Nc,1
