words,tfidf,pos,freq
斗笠,2.428536309553352,Na,8
公園,2.284824963704898,Nc,4
童趣,0.7123683108588137,Na,1
農村,0.6063801061603757,Nc,1
清幽,0.563785261994431,VH,1
悠閒,0.5,VH,1
鄉間,0.5,Nc,1
亭主,0.4830153273515106,Na,1
蓮花,0.46118143930135136,Na,2
車窗,0.38746834442722644,Na,1
阿勃勒,0.38746834442722644,Nb,1
散步,0.23059071965067568,VA,1
秋葵,0.23059071965067568,Na,1
鄉道,0.23059071965067568,Nc,1
