words,tfidf,pos,freq
瀑布,3.6562221886614585,Na,7
台8線,0.7071067811865475,Nc,1
鬼斧神工,0.5773502691896258,VH,1
大自然,0.5773502691896258,Nc,1
新娘,0.47515348162439264,Na,1
公園,0.265575534485251,Nc,1
太魯閣,0.265575534485251,Nc,1
拍照,0.1865775447374322,VB,1
步道,0.1865775447374322,Na,1
能力,0.1865775447374322,Na,1
