words,tfidf,pos,freq
花燈,1.351082527080616,Na,3
燈會,1.2487600834061494,Na,2
藝文,1.0107612695294406,A,4
平台,0.7071067811865476,Na,1
表演,0.5307418548276472,VC,1
天穿日,0.5307418548276472,Na,1
歌仔戲,0.5307418548276472,Na,1
拍照,0.41414316237627224,VB,1
陣頭,0.36139943839956584,Na,2
鎮民,0.29607876283395024,Na,1
舞臺,0.279000736825337,Nc,1
廟會,0.18069971919978292,Na,1
民俗,0.18069971919978292,Na,1
