words,tfidf,pos,freq
雄偉,1.4987480886880538,VH,2
古蹟,1.1403255677328312,Na,2
戰爭,0.7071067811865476,Na,1
日式,0.6845826697770491,A,1
日軍,0.658475761243154,Na,2
壯觀,0.6136780746572512,VH,1
工設,0.4634732605184906,Na,1
系館,0.4634732605184906,Nc,1
工業,0.408248290463863,Na,1
設計系,0.408248290463863,Nc,1
磐石,0.37440389630030907,Na,1
大隊,0.29969453280995617,Na,1
步兵,0.29969453280995617,Na,1
營房,0.29969453280995617,Nc,1
