words,tfidf,pos,freq
峽谷,1.040640696751391,Na,2
崇山峻嶺,1.0,Na,1
大自然,0.7813865014561918,Nc,1
自然,0.5144602616161946,VH,2
便道,0.4574707548393325,Na,1
溪谷,0.4574707548393325,Na,1
曲冰,0.42969034234207215,Nb,1
遺跡,0.42969034234207215,Na,1
山河,0.4082482904638631,Na,1
雲朵,0.4082482904638631,Na,1
拍攝,0.38409586926621725,VC,1
拍照,0.38409586926621725,VB,1
逆光,0.38409586926621725,Na,1
鐵橋,0.3463776614514737,Na,1
野餐,0.34186090029484983,VA,1
