words,tfidf,pos,freq
碉堡,0.7071067811865475,Na,1
獎牌,0.3329538431396969,Na,18
黃昏,0.01849743572998316,Nd,1
