words,tfidf,pos,freq
美術館,0.8077136864003751,Nc,2
月津港,0.3856821837899059,Nc,1
燈會,0.34410595277587486,Na,1
藝術,0.34410595277587486,Na,1
鹽水,0.34410595277587486,Na,1
名畫,0.2886751345948129,Na,1
