words,tfidf,pos,freq
拍照,1.0,VB,2
藝術,0.5773502691896258,Na,1
七星潭,0.3162277660168379,Nc,1
心型,0.3162277660168379,Na,1
曼波魚,0.30151134457776363,Na,1
鐵鍊,0.30151134457776363,Na,1
