words,tfidf,pos,freq
芒果,1.2931831711547686,Na,5
隧道,1.1391644361297226,Na,2
夜景,1.0,Na,1
土芒果,0.7391387109017791,Na,1
清涼,0.7071067811865476,VH,1
鄉土味,0.7071067811865476,Na,1
鄉村,0.7071067811865476,Nc,1
芒果樹,0.7030161991438236,Na,2
散步,0.5773502691896257,VA,1
騎車,0.5,VA,1
農作,0.5,Na,1
風景區,0.35736151541717187,Nc,1
茂盛,0.2488205542042299,VH,1
