words,tfidf,pos,freq
沙灘,0.8219004630508604,Na,4
沙攤,0.7071067811865475,Nc,1
朝陽,0.4601578921271882,Na,1
海灣,0.4601578921271882,Na,1
漁港,0.4601578921271882,Nc,1
步道,0.33778660742103206,Na,2
釣魚,0.16889330371051603,VA,1
海蝕洞,0.16889330371051603,Na,1
潮汐,0.16889330371051603,Na,1
磯釣客,0.16889330371051603,Na,1
礁石,0.16889330371051603,Na,1
