words,tfidf,pos,freq
杭菊,1.4367828822153828,Na,6
拍攝,0.2997286303029971,VC,1
