words,tfidf,pos,freq
公園,1.8067139438412214,Nc,3
歷史,1.0031677517465178,Na,2
社稷,1.0,Na,1
散步,0.9101429432206529,VA,2
中隊,0.7450118827814171,Nc,2
寧靜,0.7071067811865475,VH,1
悠閒,0.5318188719753373,VH,1
博物館,0.511319280718364,Nc,1
蝙蝠,0.511319280718364,Na,3
草原,0.447213595499958,Na,1
文物館,0.4250251725211464,Nc,1
籃球場,0.4250251725211464,Nc,1
涼爽,0.38779147072467,VH,1
紀念館,0.30898089469033496,Nc,1
