words,tfidf,pos,freq
海景,0.7071067811865476,Na,1
八里,0.408248290463863,Nc,1
夕陽,0.408248290463863,Na,1
港口,0.408248290463863,Nc,1
