words,tfidf,pos,freq
公園,2.5204022685515857,Nc,7
溜滑梯,1.2854392483302226,VA,3
東湖,0.8023117351410058,Nc,2
散步,0.781067564367792,VA,1
遊樂場,0.781067564367792,Nc,1
桃源,0.7071067811865476,Nc,1
塑膠,0.5109488602265194,Na,1
滑梯,0.5109488602265194,Na,4
設計有,0.2942444255570469,Na,1
