words,tfidf,pos,freq
實習館,0.4472135954999579,Nc,1
心木,0.4472135954999579,Na,1
