words,tfidf,pos,freq
爬山,0.2182178902359924,VA,1
昆蟲,0.2182178902359924,Na,1
植物,0.2182178902359924,Na,1
蝴蝶,0.2182178902359924,Na,1
