words,tfidf,pos,freq
公園,3.6335418496565204,Nc,12
溜滑梯,2.4670743163896343,VA,5
林口,1.1584656353251472,Nc,2
市井小民,1.0,Na,1
笑聲,0.5507663655621,Na,1
草皮,0.46320041838954756,Na,1
念頭,0.45499649897094474,Na,1
寧靜,0.39073112055102743,VH,1
防洪池,0.3446303082207303,Na,1
放電,0.32566953572452473,VA,1
中正,0.319436969523123,Nb,1
商店街,0.319436969523123,Nc,1
藝術,0.319436969523123,Na,1
鄰裡,0.319436969523123,Na,1
攤販,0.29538651967102986,Na,1
社區型,0.2667001062593997,Na,1
體健,0.2667001062593997,Na,1
煙蒂,0.1812573092725214,Na,1
