words,tfidf,pos,freq
清幽,1.1012409947639936,VH,2
花海,0.9354620479675455,Na,3
國旗屋,0.8426028040441332,Nc,3
櫻花,0.7071067811865476,Na,1
台9線,0.7019961401852691,Nc,2
仙境,0.5773502691896257,Nc,1
引道,0.5,Na,1
停停車場,0.5,Nc,1
玉石,0.4143854119753503,Na,1
花蓮,0.4143854119753503,Nc,1
豐田玉,0.4143854119753503,Na,1
廢棄物,0.39311681804350873,Na,1
旗桿,0.2272962505033589,Na,1
拍照,0.1451350337698289,VB,1
過年,0.1451350337698289,VA,1
樹湖村,0.1451350337698289,Nc,1
荒地,0.1451350337698289,Na,1
