words,tfidf,pos,freq
玩水,1.0065567429617484,VA,3
垃圾人,0.7292050723613079,Na,2
戲水,0.6524293256460403,VA,3
武荖坑,0.5773502691896258,Nc,1
溪水,0.5142874117140395,Na,1
戲水區,0.4034526877590384,Nc,1
歐福洛,0.40135575936561696,Nb,1
消暑,0.40135575936561696,VA,1
愜意,0.3636561163018752,VH,1
底盤,0.2607680842642052,Na,2
地盤,0.24676242638667395,Na,1
水清,0.24676242638667395,Na,1
漂漂船,0.24676242638667395,Na,1
廚餘,0.1303840421321026,Na,1
木炭,0.1303840421321026,Na,1
胸口,0.1303840421321026,Nc,1
轎車,0.1303840421321026,Na,1
