words,tfidf,pos,freq
禪意,0.7071067811865476,Na,1
大石,0.2148059273343384,Na,1
天光,0.2148059273343384,Na,1
山色,0.2148059273343384,Na,1
水田,0.2148059273343384,Na,1
金黃色,0.2148059273343384,Na,1
