words,tfidf,pos,freq
水勢,0.30151134457776363,Na,1
潮級,0.30151134457776363,Na,1
出水口,0.29380292652868034,Nc,1
棧道,0.29380292652868034,Na,1
公園,0.24747282768219314,Nc,1
水利,0.24747282768219314,Na,1
水門,0.24747282768219314,Na,1
