words,tfidf,pos,freq
善意,0.7071067811865476,Na,1
遊旅,0.5969552878758664,Na,1
蕎麥花,0.4621849185827634,Na,1
拍照,0.4150061595142581,VB,1
生食,0.3676598403661379,Na,1
菜園,0.3280241717845149,Nc,1
青菜,0.3280241717845149,Na,1
消費者,0.2773500981126146,Na,1
內涵,0.1184141251512693,Na,1
包證,0.1184141251512693,Na,1
循環,0.1184141251512693,Na,1
管道,0.1184141251512693,Na,1
行為,0.1184141251512693,Na,1
