words,tfidf,pos,freq
河馬,0.5773502691896257,Na,1
點燈,0.3779644730092272,VA,1
交界處,0.3779644730092272,Nc,1
博愛街,0.3779644730092272,Nc,1
汀甫圳,0.3779644730092272,Nc,1
