words,tfidf,pos,freq
水塔,0.5946362477844209,Na,2
新山屋,0.4797475439396706,Nb,1
山屋,0.4537639816191588,Na,5
山友,0.1134409954047897,Na,1
山景,0.1134409954047897,Na,1
帳棚,0.1134409954047897,Na,1
歐洲,0.1134409954047897,Nc,1
油婆蘭,0.1134409954047897,Na,2
油婆蘭池,0.1134409954047897,Na,1
腸胃,0.1134409954047897,Na,1
雲海,0.1134409954047897,Na,1
