words,tfidf,pos,freq
北海岸,0.26726124191242445,Nc,1
海景,0.26726124191242445,Na,1
