words,tfidf,pos,freq
恐龍,1.379953294966949,Na,4
龍鰭,0.46606680869265926,Na,1
海恐龍,0.4472135954999579,Na,1
拍照,0.3779644730092272,VB,1
地形,0.3779644730092272,Na,1
海岸,0.3779644730092272,Nc,1
