words,tfidf,pos,freq
三空泉,0.3333333333333333,Na,2
樹林口,0.3333333333333333,Nc,2
顯赫,0.16666666666666666,VH,1
分界,0.16666666666666666,Na,1
小人物,0.16666666666666666,Na,1
淡水,0.16666666666666666,Nc,1
身世,0.16666666666666666,Na,1
