words,tfidf,pos,freq
顯赫,0.15811388300841897,VH,1
三芝,0.15811388300841897,Nc,1
名號,0.15811388300841897,Na,1
小人物,0.15811388300841897,Na,1
淡水,0.15811388300841897,Nc,1
身世,0.15811388300841897,Na,1
