words,tfidf,pos,freq
淡水,1.31443887999759,Nc,4
拍照,0.7391387109017791,VB,2
夕陽餘暉,0.5773502691896257,Na,1
鮮奶,0.5242025136590307,Na,1
麻糬,0.5242025136590307,Na,1
壁畫,0.408248290463863,Na,1
河景,0.408248290463863,Na,1
彩繪感,0.4010884105298619,Na,1
錯字,0.35736151541717187,Na,1
牆壁,0.3189768881551053,Na,1
警官,0.3189768881551053,Na,1
藝術品,0.27403733477312403,Na,1
壯觀,0.18716891561271226,VH,1
老街,0.16460188877873907,Nc,1
