words,tfidf,pos,freq
步道,1.97222974718825,Na,5
健身,0.7391387109017791,VA,1
空气,0.5,Na,1
清新,0.418134463027893,VH,1
熙和,0.418134463027893,Nb,1
故事館,0.38262791422719505,Nc,1
綿羊,0.38262791422719505,Na,1
頂蓬,0.30727356960691526,Na,1
山景,0.264243123431502,Na,1
美色,0.264243123431502,Na,1
台14甲線,0.25739004543464805,Nc,1
