words,tfidf,pos,freq
清幽,1.2994963163220097,VH,2
夕陽,0.7280715432278869,Na,3
寧靜,0.7071067811865476,VH,1
悠閒,0.7071067811865476,VH,1
眼睛,0.459770318855169,Na,1
倆倆,0.28961205826291375,Na,1
海水湖,0.272557062778487,Nc,1
北疆,0.21821789023599242,Nc,1
常人,0.21821789023599242,Na,1
東引國,0.21821789023599242,Nc,1
沙溪堡,0.21821789023599242,Nc,1
石牌,0.21821789023599242,Nc,1
馬祖,0.21821789023599242,Nc,1
