words,tfidf,pos,freq
清幽,0.8260331001799424,VH,2
玩水,0.4814821314936913,VA,1
