words,tfidf,pos,freq
古圳,0.3779644730092272,Nc,1
溪山,0.3779644730092272,Na,1
