words,tfidf,pos,freq
寧靜,0.8084516380983576,VH,2
遊樂場,0.5963800146558922,Nc,1
規範,0.3175761241504873,Na,1
耐性,0.26491294747080535,Na,1
