words,tfidf,pos,freq
天然,0.760243659160612,A,2
壯觀,0.6324555320336759,VH,2
動物園,0.4586384078007991,Nc,1
生態,0.416883857999725,Na,1
除草機,0.416883857999725,Na,1
老大哥,0.3779644730092272,Na,1
表演,0.21813481152805178,VC,1
上空,0.21813481152805178,Nc,1
夕陽,0.21813481152805178,Na,1
步道,0.21813481152805178,Na,1
散步,0.2144027937295032,VA,1
現況,0.2144027937295032,Na,1
