words,tfidf,pos,freq
體驗,1.041599967324929,VC,4
貓哥,0.7895418395449691,Nb,4
龍哥,0.6497372347256518,Nb,2
蚵仔,0.6273840361650875,Na,2
夕陽,0.5031894275382552,Na,2
文蛤,0.46133149008216834,Na,2
王功,0.4114216039623574,Na,2
蛤蜊,0.4028752404568341,Na,2
鐵牛車,0.34101399992410575,Na,2
拍照,0.3248686173628259,VB,1
潮間帶,0.28581484709905935,Nc,1
牡蠣,0.2758634638796678,Na,1
導覽,0.25135940789414235,VC,1
生態,0.25135940789414235,Na,1
幼稚園,0.20383225311145228,Nc,1
海邊,0.19324435078319208,Na,1
