words,tfidf,pos,freq
生態,0.7071067811865476,Na,1
體驗,0.5,VC,1
蚵農,0.5,Na,1
孩童,0.23913222680740098,Na,1
攤販,0.23913222680740098,Na,1
桌位,0.23913222680740098,Na,1
熱氣,0.23913222680740098,Na,1
蛤仔,0.17713177055911217,Na,2
鐘頭,0.17713177055911217,Na,2
王功,0.08856588527955608,Na,1
鮮蚵,0.08856588527955608,Na,1
