words,tfidf,pos,freq
寧靜,1.0,VH,1
悠閒,1.0,VH,1
自然,0.7071067811865476,VH,1
生態,0.7071067811865476,Na,2
農村,0.7071067811865476,Nc,1
生態環境,0.5983346295369952,Na,1
爬山,0.40166423040878774,VA,2
花木,0.3372290550229802,Na,1
共識,0.25000000000000006,Na,1
夥伴,0.25000000000000006,Na,1
家園,0.25000000000000006,Na,1
瑪東,0.25000000000000006,Nb,1
