words,tfidf,pos,freq
夜景,2.6013710409092767,Na,4
步道,1.0640495868449942,Na,4
平台,0.7825511714829345,Na,2
走法,0.7071067811865475,Na,1
黃昏,0.6682244718802235,Nd,1
台北,0.6495935243191222,Nc,2
生態,0.5275450465487344,Na,1
自行車,0.45659730123622183,Na,1
七星山,0.43857533377814173,Nc,2
原始,0.41335428389778445,VH,1
公交車,0.3194937427442024,Na,1
竹子湖,0.3194937427442024,Nc,1
涼爽,0.2319118695296255,VH,1
全人,0.2319118695296255,Na,1
月子餐,0.19037021373958887,Na,1
雜貨店,0.19037021373958887,Nc,1
餐館,0.19037021373958887,Nc,1
