words,tfidf,pos,freq
步道,0.6755710422148635,Na,2
鷹嘴石,0.5773502691896257,Na,1
登山,0.3590156070501844,VA,1
