words,tfidf,pos,freq
光頭山,0.5,Nc,1
白石池,0.5,Nc,1
主稜,0.2886751345948128,Na,1
山脈,0.2886751345948128,Na,1
支稜,0.2886751345948128,Na,1
步道,0.2886751345948128,Na,1
白石山,0.2886751345948128,Nc,1
