words,tfidf,pos,freq
百合,0.6137645844698428,Na,3
花香,0.5254727492640658,Na,1
花園,0.5060196022363016,Nc,2
佛心,0.4472135954999579,Na,1
農場,0.4472135954999579,Nc,1
榕樹,0.2530098011181508,Na,1
百合花,0.2530098011181508,Na,1
