words,tfidf,pos,freq
步道,2.279126491933981,Na,7
埤塘,2.097218818512567,Na,7
幽靜,1.0,VH,1
世外桃源,1.0,Na,1
生態環境,1.0,Na,1
蘇福,1.0,Nb,1
散步,0.8077094936200748,VA,1
悠閒,0.7071067811865476,VH,1
木棧道,0.6351375195505825,Nc,1
清新,0.5361386096694932,VH,1
生態,0.5361386096694932,Na,2
自行車道,0.5361386096694932,Na,1
苗栗,0.42513507944317547,Nc,1
三聯埤,0.3928695034758765,Nc,1
山城,0.3928695034758765,Na,1
庭園,0.3928695034758765,Na,1
