words,tfidf,pos,freq
光頭山,1.5914212159276753,Nc,3
幻覺,0.3779644730092272,Na,1
劍竹,0.36061640155451324,Na,1
白石池,0.36061640155451324,Nc,1
草原,0.36061640155451324,Na,1
