words,tfidf,pos,freq
瀑布,1.2731570106834904,Na,4
仙境,0.7071067811865476,Nc,1
沒水期,0.597356542924316,Na,1
獼猴,0.597356542924316,Na,1
蛙鳴,0.5773502691896257,Na,1
時雨,0.5281906285137787,Na,1
私有地,0.5,Na,1
遠足,0.3535533905932738,VA,1
散步,0.33053153394049545,VA,1
溫泉,0.33053153394049545,Na,1
清新,0.2398223960564469,VH,1
負離子,0.2398223960564469,VJ,1
步道,0.2398223960564469,Na,1
知本區,0.2398223960564469,Nc,1
