words,tfidf,pos,freq
公園,0.4472135954999579,Nc,1
非洲,0.4472135954999579,Nc,1
地形,0.39024279078589186,Na,1
水坑,0.39024279078589186,Na,1
拍攝,0.3839564698292253,VC,1
河流,0.3839564698292253,Na,1
溪水,0.3839564698292253,Na,1
溪谷,0.36165817478502155,Na,1
土石,0.36165817478502155,Na,1
幽靜,0.34607120215155013,VH,1
河谷,0.34607120215155013,Nc,1
下游,0.31622776601683794,Nc,1
太極,0.31622776601683794,Na,1
峽谷,0.31622776601683794,Na,1
攔沙壩,0.31622776601683794,Na,1
河床,0.31622776601683794,Na,1
大地谷,0.25345758816650865,Nc,1
