words,tfidf,pos,freq
浣衣池,0.2944840800850758,Na,3
石母娘娘,0.2944840800850758,Nb,3
戲水池,0.23827579230056312,Na,1
泡沫,0.23827579230056312,Na,1
洗衣池,0.23827579230056312,Na,1
湧泉,0.19632272005671722,Na,2
戲水,0.09816136002835861,VA,2
消暑,0.09816136002835861,VA,1
地形,0.09816136002835861,Na,1
市場,0.09816136002835861,Nc,1
歷史,0.09816136002835861,Na,1
水庫,0.09816136002835861,Na,1
石門,0.09816136002835861,Nc,1
福華,0.09816136002835861,Nb,1
龍崗,0.09816136002835861,Nc,1
