words,tfidf,pos,freq
藝術,1.177086425915343,Na,3
如來神掌,0.7404788044092157,Nb,2
藍鵲,0.5949730278560527,Na,2
記錄點,0.5773502691896257,Na,1
自行車,0.5671859375210438,Na,1
藍鳥,0.46622769063894703,Na,1
拍照,0.4010610226147796,VB,1
清幽,0.33798446126067594,VH,1
騎車,0.33798446126067594,VA,1
上坡處,0.28557445423206385,Nc,1
動作照,0.28557445423206385,Na,1
單車,0.28557445423206385,Na,1
食指,0.28557445423206385,Na,1
