words,tfidf,pos,freq
梯田,0.6150074864412381,Na,4
拍照,0.4516850578982886,VB,3
文化,0.4472135954999579,Na,1
石頭屋,0.2878655499064899,Na,2
熱點,0.2030500576337702,Na,1
第四台,0.2030500576337702,Na,1
貓咪,0.15375187161030954,Na,1
農產品,0.15375187161030954,Na,1
鄉間,0.15375187161030954,Nc,1
