words,tfidf,pos,freq
楓葉,0.5,Na,1
清幽,0.4472135954999579,VH,1
溪水,0.4472135954999579,Na,1
