words,tfidf,pos,freq
黃線,0.7071067811865476,Na,1
觀景台,0.3333333333333333,Nc,1
拍照,0.25819888974716115,VB,1
騎車,0.25819888974716115,VA,1
