words,tfidf,pos,freq
白沙灣,0.6966245465139559,Nc,3
生態,0.6409131451361278,Na,2
神秘湖,0.4749461712385188,Nc,2
步道,0.41137943960005985,Na,2
餵養,0.39881040738922724,VC,1
樂園,0.39881040738922724,Na,1
導覽,0.35355339059327373,VC,1
單車道,0.3455297379337164,Na,1
自然,0.33518665867380615,VH,1
木棧道,0.2623877234734131,Nc,1
湖泊,0.2623877234734131,Na,1
草地,0.2623877234734131,Nc,1
散步,0.20873898690317827,VA,1
沼澤,0.20873898690317827,Na,1
麟山鼻,0.20873898690317827,Nc,1
