words,tfidf,pos,freq
櫻花,2.6205001463521476,Na,12
千櫻園,2.133642920288918,Nc,8
百櫻園,1.2398235635788866,Nc,5
幽靜,1.0,VH,1
農場,0.7119872169602047,Nc,2
拍照,0.6175912361910509,VB,2
富貴,0.6127076749299507,Na,1
大自然,0.5773502691896257,Nc,1
福壽山,0.5552768823917933,Nc,2
草地,0.5147349513378441,Nc,2
雪山,0.5095449350824326,Na,2
櫻粉色,0.3415173636951703,Na,1
密度,0.3011066062833221,Na,1
白雪,0.2703811980128273,Na,1
蘋果園,0.2703811980128273,Nc,1
櫻吹雪,0.2261573466648585,Na,1
