words,tfidf,pos,freq
里長,1.0027900739474886,Na,2
籃球,0.7071067811865476,Na,1
鄉里,0.5943953651378014,Nc,1
公園,0.5084998327064661,Nc,2
散步,0.4688051375116662,VA,1
畫作,0.4472135954999579,Na,1
目光,0.4472135954999579,Na,1
主管,0.3618070638513602,Na,1
愛心,0.3612954039057093,Na,1
自行車道,0.35312075318310726,Na,1
壁畫,0.34930403378931507,Na,1
植物,0.2542499163532331,Na,1
河濱,0.2542499163532331,Nc,1
