words,tfidf,pos,freq
悠閒,0.24613641459392016,VH,1
竹子湖,0.24613641459392016,Nc,1
繡球花,0.24613641459392016,Na,1
小油坑,0.19423429093056224,Nc,1
小葉,0.19423429093056224,Na,1
楓紅,0.19423429093056224,Na,1
田野,0.19423429093056224,Nc,1
都市人,0.19423429093056224,Na,1
