words,tfidf,pos,freq
時效性,0.7071067811865476,Na,1
花海,0.5228312093698186,Na,1
稻榖,0.5135661756066701,Na,1
水稻,0.4740589663848469,Na,1
老尾,0.4740589663848469,Na,1
仙草花,0.408248290463863,Na,1
楊梅,0.408248290463863,Nc,1
花季,0.32530438767198616,Nd,1
