words,tfidf,pos,freq
夕陽,0.8385615332415968,Na,2
漁港,0.7667697617971444,Nc,3
熱鬧,0.7488542759134466,VH,1
遊艇,0.5162189660729165,Na,2
海鮮,0.4448631394366191,Na,2
漁船,0.35844315867145093,Na,1
海風,0.35844315867145093,Na,1
海景,0.35844315867145093,Na,1
消暑,0.3233141714275943,VA,1
海邊,0.3233141714275943,Na,1
竹圍,0.3233141714275943,Nc,1
港區,0.2715470461477511,Nc,1
遛小孩,0.22485628841145738,VA,1
拍照,0.22485628841145738,VB,1
攤販,0.22485628841145738,Na,1
海灘,0.22243156971830955,Na,1
菜餚,0.22243156971830955,Na,1
