words,tfidf,pos,freq
七星山,0.24253562503633297,Nc,1
小油坑,0.24253562503633297,Nc,1
山景,0.24253562503633297,Na,1
