words,tfidf,pos,freq
公園,0.5773502691896257,Nc,1
羽球,0.5773502691896257,Na,1
