words,tfidf,pos,freq
阿梅,1.0,Nb,1
瀑布,0.5,Na,2
天然,0.4472135954999579,A,1
小品,0.4472135954999579,Na,1
滑水道,0.4472135954999579,Na,1
中段,0.25,Na,1
主瀑,0.25,Na,1
地形,0.25,Na,1
壺穴,0.25,Na,1
峽谷,0.25,Na,1
紅花,0.25,Na,1
