words,tfidf,pos,freq
散步,1.0681471236557916,VA,4
溜滑梯,0.7071067811865475,VA,1
陰影,0.45525800944245576,Na,1
步道,0.3533269027852772,Na,1
