words,tfidf,pos,freq
風帆,0.45887432175319215,Na,1
一絕,0.408248290463863,Na,1
中央山脈,0.408248290463863,Nc,1
山水,0.408248290463863,Na,1
散步,0.37796447300922725,VA,1
阿美,0.26968864536148185,Nb,1
