words,tfidf,pos,freq
溪水,1.406020461929191,Na,3
峽谷,0.8623833513769017,Na,2
鬼斧神工,0.598730076896917,VH,1
瀑布,0.5822479833995013,Na,2
清涼,0.5773502691896258,VH,1
戲水,0.44721359549995787,VA,2
涼爽,0.44721359549995787,VH,1
匯流處,0.3717888509051859,Nc,1
老人北溪,0.3717888509051859,Na,1
老人溪,0.3717888509051859,Nc,1
戲水點,0.2834681037445023,Na,1
欄河壩,0.2834681037445023,Na,1
力氣,0.22846599644350882,Na,1
礦石,0.22846599644350882,Na,1
