words,tfidf,pos,freq
定制,0.3779644730092272,Na,1
菜單,0.3779644730092272,Na,1
農場,0.3779644730092272,Nc,1
