words,tfidf,pos,freq
草皮,0.30151134457776363,Na,1
里民,0.30151134457776363,Na,1
風鈴木,0.30151134457776363,Na,1
