words,tfidf,pos,freq
公園,0.3535533905932738,Nc,1
福德宮,0.3535533905932738,Nc,1
