words,tfidf,pos,freq
體驗,1.169184575059107,VC,2
拍照,0.8536693534247017,VB,2
石虎,0.7071067811865476,Na,1
涼爽,0.6063801061603757,VH,1
散步,0.4472135954999579,VA,1
鄉下,0.3535533905932738,Nc,1
阿公,0.3535533905932738,Na,1
村莊,0.3535533905932738,Nc,1
音量,0.3325717450062883,Na,1
鄉間,0.3189438335810828,Nc,1
彩繪點,0.2952960867139766,Na,2
天靈宮,0.26048637994842605,Nc,1
防護,0.25967099269774485,Na,1
ubike,0.1476480433569883,FW,0
地緣,0.1476480433569883,Na,1
標幟,0.1476480433569883,Na,1
社里,0.1476480433569883,Nc,1
