words,tfidf,pos,freq
蘇花,1.7071067811865475,Nc,2
海景,1.0928088087929742,Na,3
環島,0.5969552878758664,VA,1
南方澳,0.4150061595142581,Nc,1
廢棄物,0.3369815182061356,Na,1
海域,0.3369815182061356,Na,1
漁港,0.3369815182061356,Nc,1
飛鳥林,0.3369815182061356,Na,1
釣魚,0.27035597811124423,VA,1
墾丁,0.27035597811124423,Nc,1
海岸,0.27035597811124423,Nc,1
海灘,0.27035597811124423,Na,1
言喻,0.27035597811124423,Na,1
釣友,0.27035597811124423,Na,1
