words,tfidf,pos,freq
小油坑,0.6176143709756019,Nc,1
油坑,0.5,Nc,2
竹子湖,0.5,Nc,1
繡球花,0.4217647821447532,Na,1
頂湖,0.392232270276368,Nc,2
步道,0.196116135138184,Na,1
長期,0.196116135138184,Na,1
