words,tfidf,pos,freq
踏青,0.25819888974716115,VA,1
櫻花,0.25819888974716115,Na,1
步道,0.25819888974716115,Na,1
茶園,0.25819888974716115,Nc,1
茶山,0.25819888974716115,Na,1
茶花,0.25819888974716115,Na,1
風鈴木,0.25819888974716115,Na,1
