words,tfidf,pos,freq
釣魚,1.6434588052652987,VA,3
柚子,1.4429515814697185,Na,4
天然,1.0,A,1
大自然,0.7071067811865476,Nc,1
放電,0.5773502691896257,VA,1
八里,0.5773502691896257,Nc,1
痛風餐,0.5773502691896257,Na,1
魚池,0.45566783196628147,Nc,1
果園,0.24476236913666422,Nc,1
萬隆,0.24476236913666422,Nb,1
阿公,0.24476236913666422,Na,1
