words,tfidf,pos,freq
柚子,0.4587763753067762,Na,3
海景,0.3779644730092272,Na,1
荖阡坑,0.3015113445777636,Nc,1
人手,0.18037042295850939,Na,1
橘子,0.18037042295850939,Na,1
脆皮雞,0.18037042295850939,Na,1
4鄰,0.1769143285608201,Nc,1
土地公廟,0.1769143285608201,Nc,1
果農,0.1769143285608201,Na,1
