words,tfidf,pos,freq
植物,0.5773502691896258,Na,1
散步,0.5,VA,1
步道,0.31622776601683794,Na,1
菜園,0.31622776601683794,Nc,1
里長,0.31622776601683794,Na,1
