words,tfidf,pos,freq
戲水,0.4618042361109319,VA,1
清涼,0.4618042361109319,VH,1
溪流,0.2561818032678329,Na,3
玩水,0.24380602367574056,VA,1
水深,0.24380602367574056,Na,1
消暑,0.08539393442261096,VA,1
釣魚,0.08539393442261096,VA,1
公園,0.08539393442261096,Nc,1
河川,0.08539393442261096,Na,1
瀑布區,0.08539393442261096,Nc,1
生態,0.08539393442261096,Na,1
盲區,0.08539393442261096,Nc,1
石塊,0.08539393442261096,Na,1
萬安,0.08539393442261096,Nc,1
