words,tfidf,pos,freq
清幽,1.0,VH,1
溪水,0.7071067811865476,Na,1
山林,0.3015113445777636,Nc,1
原始,0.17941115773885333,VH,1
自然,0.17941115773885333,VH,1
中段,0.17941115773885333,Na,1
巨石陣,0.17941115773885333,Na,1
路逕,0.17941115773885333,Na,1
