words,tfidf,pos,freq
心身,0.4472135954999579,Na,1
藝苑主,0.4472135954999579,Nc,1
值回票價,0.3856821837899059,VH,1
佛教,0.3856821837899059,Nb,1
主人家,0.223606797749979,Nc,1
