words,tfidf,pos,freq
公園,0.314672239747414,Nc,3
溪流,0.25685986835328034,Na,1
散步,0.20978149316494266,VA,2
a亭,0.20978149316494266,Nb,0
萬里,0.20978149316494266,Nc,4
萬里鄉,0.20978149316494266,Nc,2
山頂,0.10489074658247133,Nc,1
忠福宮,0.10489074658247133,Nc,1
樂活,0.10489074658247133,Na,1
油桐花,0.10489074658247133,Na,1
流瀑,0.10489074658247133,Na,1
瑪鋉溪,0.10489074658247133,Nc,1
里更,0.10489074658247133,Nc,1
