words,tfidf,pos,freq
天幕,0.28852504515391525,Na,1
草坪,0.24244659260336257,Na,1
野餐桌,0.24244659260336257,Na,1
