words,tfidf,pos,freq
散步,0.5773502691896258,VA,1
海風,0.5773502691896258,Na,1
體驗,0.37796447300922725,VC,1
海景,0.37796447300922725,Na,1
腳踏車,0.37796447300922725,Na,1
家門口,0.16800969011682843,Nc,1
情形,0.16800969011682843,Na,1
森林,0.16800969011682843,Na,1
樹叢,0.16800969011682843,Na,1
自行車道,0.16800969011682843,Na,1
野柳,0.16800969011682843,Nc,1
金山,0.16800969011682843,Nc,1
