words,tfidf,pos,freq
土地公廟,1.0373602856699753,Nc,4
落羽松,0.6607041538574716,Na,3
五酒桶山,0.5186801428349876,Na,2
崙頭,0.5186801428349876,Nc,2
前人,0.5,Na,1
步道,0.39183962461621064,Na,1
觀海,0.19261841248335942,VA,1
廣埸,0.19261841248335942,Nc,1
愚公,0.19261841248335942,Nb,1
攤販,0.19261841248335942,Na,1
花園,0.19261841248335942,Nc,1
落日,0.19261841248335942,Na,1
