words,tfidf,pos,freq
杉林區,1.0,Nc,1
清新,0.7547785978112203,VH,2
自然,0.42283407920337507,VH,1
清幽,0.42283407920337496,VH,1
藝術,0.3592106040535498,Na,3
大師級,0.1796053020267749,Na,1
師生,0.1796053020267749,Na,1
藝術品,0.1796053020267749,Na,1
