words,tfidf,pos,freq
區間,0.5773502691896257,Na,1
山谷,0.5773502691896257,Na,1
曲線,0.5773502691896257,Na,1
台30,0.4472135954999579,Nc,1
觀景台,0.422839849380776,Nc,1
山林,0.33333333333333337,Nc,1
寄生蟲,0.3072483974519093,Na,1
流浪貓,0.3072483974519093,Na,1
