words,tfidf,pos,freq
日出,2.4787902513129136,VA,5
雲海,1.5225236088768757,Na,4
茶籽油,0.8420481184394655,Na,2
茶園,0.8076464025649539,Nc,3
喉韻,0.4257911557281422,Na,1
茗茶,0.425156044910347,Na,1
藝岑,0.3957424763068361,Nb,1
茶葉,0.3779644730092272,Na,1
貨到付款,0.3779644730092272,Na,1
茶油,0.2634875180914424,Na,1
