words,tfidf,pos,freq
落羽松,1.199245812107566,Na,6
山鼻,0.8129485896347041,Nc,7
牌子,0.5773502691896257,Na,1
蘆竹,0.4559720027733066,Nc,2
農場,0.4559720027733066,Nc,2
魚菜,0.4559720027733066,Na,2
山鼻路,0.45252299556371994,Nc,3
双源,0.3759817941933827,Nb,1
斜對面,0.3759817941933827,Nc,1
山鼻站,0.36552562510610365,Nc,1
660巷,0.15084099852123997,Nc,1
古厝,0.15084099852123997,Na,1
層次,0.15084099852123997,Na,1
機捷橋,0.15084099852123997,Nc,1
