words,tfidf,pos,freq
大自然,1.153776035395607,Nc,3
鬼斧神工,0.8984842718217084,VH,2
自然,0.7071067811865476,VH,4
地形,0.7071067811865476,Na,1
天然,0.540053297295031,A,1
麵包,0.5389928875055265,Na,2
雕刻師,0.47518522242310035,Na,1
公園,0.4208724162504031,Nc,1
地質,0.4208724162504031,Na,1
