words,tfidf,pos,freq
美食街,0.6617825864852942,Nc,2
拍攝,0.21362576961484284,VC,1
英姿,0.21362576961484284,Na,1
觀景台,0.21362576961484284,Nc,1
