words,tfidf,pos,freq
公園,1.5009158868624919,Nc,5
墓地,0.6332876260065607,Nc,1
騎車,0.5773502691896257,VA,1
住戶,0.28291701987566836,Na,1
神聖,0.20109802265586704,VH,1
偏隅,0.20109802265586704,Na,1
八里,0.20109802265586704,Nc,1
廟宇,0.20109802265586704,Na,1
特性,0.20109802265586704,Na,1
西濱,0.20109802265586704,Nc,1
