words,tfidf,pos,freq
瀑布,1.3249716666563827,Na,3
青山,1.3249716666563827,Na,3
阿公,1.0,Na,1
生態,0.6336963971298005,Na,1
散步,0.5,VA,2
山莊,0.5,Nc,1
電線杆,0.5,Na,1
田野,0.5,Nc,1
山青,0.5,Na,1
北海岸,0.5,Nc,1
自然,0.5,VH,1
六和,0.5,Nb,1
健行,0.49388316157666906,VA,1
豬槽潭,0.49388316157666906,Nc,1
農村,0.4472135954999579,Nc,1
郊外,0.4472135954999579,Nc,1
鄉間,0.4472135954999579,Nc,1
清新,0.3955493446537364,VH,1
步道,0.34520873319370904,Na,1
