words,tfidf,pos,freq
夕陽,0.408248290463863,Na,1
海風,0.408248290463863,Na,1
礁石,0.3779644730092272,Na,1
貓掌,0.3779644730092272,Na,1
