words,tfidf,pos,freq
台北,0.3648791818367154,Nc,2
水圳,0.3426198530890486,Na,1
坪頂圳,0.3404102113150185,Nc,2
貴子坑,0.3404102113150185,Nc,2
二子坪,0.17020510565750924,Nc,1
公園,0.17020510565750924,Nc,1
北投站,0.17020510565750924,Nc,1
復興崗站,0.17020510565750924,Nc,1
忠義山,0.17020510565750924,Nc,1
水土,0.17020510565750924,Na,1
花木,0.17020510565750924,Na,1
關渡,0.17020510565750924,Nc,1
青天宮,0.17020510565750924,Nc,1
