words,tfidf,pos,freq
觀景台,1.0518945081563804,Nc,3
平台,1.0,Na,1
樹葉,0.7861777593564971,Na,2
露營,0.6231686594771371,VA,2
高點,0.5979776894429524,Na,1
野餐,0.5565380767977528,VA,2
自然,0.3984417145470207,VH,1
生態,0.3984417145470207,Na,1
散步,0.3250783827572591,VA,1
湖泊,0.3250783827572591,Na,1
台北,0.3194937427442024,Nc,2
樹枝,0.3194937427442024,Na,1
北投,0.29847736174002293,Nc,1
水電,0.29847736174002293,Na,1
愜意,0.25819888974716115,VH,1
