words,tfidf,pos,freq
六山,0.37796447300922725,Nb,1
根點,0.37796447300922725,Na,1
調查局,0.37796447300922725,Nc,1
赤石,0.37796447300922725,Na,1
