words,tfidf,pos,freq
遡溪,0.6226862090301036,Nc,1
大自然,0.6024828863475782,Nc,2
遠景,0.4564528148683627,Na,1
體驗,0.45413144383969617,VC,2
莊園,0.42414500662738397,Na,1
披薩料,0.3933176838449177,Na,1
健行,0.33333333333333337,VA,1
樂事,0.33333333333333337,Na,1
那米哥,0.33333333333333337,Nb,1
野柳,0.33333333333333337,Nc,1
深潭,0.2172972042529488,Na,1
關卡,0.2172972042529488,Na,1
