words,tfidf,pos,freq
出海口,0.41876668132850225,Nc,1
沙攤,0.41876668132850225,Nc,1
河床,0.41876668132850225,Na,1
水尾,0.28058053458307497,Nc,1
溫泉室,0.28058053458307497,Nc,1
自行車,0.28058053458307497,Na,1
