words,tfidf,pos,freq
爛下貨,1.0,Na,1
城堡,0.5109488602265194,Na,1
威士忌,0.5109488602265194,Na,1
拍照,0.408248290463863,VB,1
小家庭,0.33796602177799895,Na,1
口袋,0.3333333333333333,Na,1
名單,0.3333333333333333,Na,1
企業,0.1356867198309687,Na,1
伯朗,0.1356867198309687,Nb,1
淡水,0.1356867198309687,Nc,1
貧民,0.1356867198309687,Na,1
販夫走卒,0.1356867198309687,Na,1
領域,0.1356867198309687,Na,1
