words,tfidf,pos,freq
海波浪,0.408248290463863,Na,1
碧水,0.408248290463863,Na,1
綠石槽,0.408248290463863,Na,1
拍照,0.223606797749979,VB,1
浮潛,0.223606797749979,VA,1
自然,0.223606797749979,VH,1
