words,tfidf,pos,freq
根點,0.4957108145481116,Na,2
尖山,0.40301621080355077,Nc,1
調查局,0.40301621080355077,Nc,1
七分寮,0.3535533905932738,Nc,1
登山客,0.3535533905932738,Na,1
遼闊,0.2487839392343682,VH,1
三界山,0.2487839392343682,Nc,1
山海,0.2487839392343682,Nb,1
山頂,0.2487839392343682,Nc,1
界寮,0.2487839392343682,Nc,1
