words,tfidf,pos,freq
八里,0.5773502691896257,Nc,1
別墅,0.5773502691896257,Na,1
