words,tfidf,pos,freq
戲水,0.9623060234935474,VA,3
溪水,0.7380730174465044,Na,2
主幹道,0.7071067811865475,Na,1
雙溪,0.5263689762493365,Nc,3
玩水,0.5154649503766956,VA,2
消暑,0.5152904445927788,VA,1
清涼,0.5152904445927788,VH,1
荷花園,0.372157201232732,Nc,2
攔沙壩,0.32794106926176325,Na,1
游泳,0.24899765652145492,VA,1
省道,0.242535625036333,Nc,1
水深處,0.17618342010568425,Na,1
清水坑,0.17618342010568425,Nc,1
青山綠水,0.17618342010568425,Na,1
風險,0.17618342010568425,Na,1
