words,tfidf,pos,freq
游泳,0.408248290463863,VA,2
游泳池,0.408248290463863,Nc,1
