words,tfidf,pos,freq
桶寮山,0.8262008979417395,Nc,2
鑛務課,0.8262008979417395,Nc,2
七堵,0.46649128703717957,Nc,3
七堵二橋,0.3395703499322558,Nc,1
三段,0.3395703499322558,Nc,1
大華路,0.3395703499322558,Nc,1
苓蘭,0.3395703499322558,Nc,1
農場,0.3395703499322558,Nc,1
三界山,0.22931153917621114,Nc,1
山徑,0.22931153917621114,Na,1
界寮,0.22931153917621114,Nc,1
登山口,0.22931153917621114,Nc,1
農路,0.22931153917621114,Nc,1
鐵橋,0.22931153917621114,Na,1
雙溪口,0.22931153917621114,Nc,1
