words,tfidf,pos,freq
農園,0.3713906763541037,Nc,2
登高,0.18569533817705186,VA,1
花季,0.18569533817705186,Nd,1
風光明媚,0.18569533817705186,VH,1
小油坑,0.18569533817705186,Nc,1
山青,0.18569533817705186,Na,1
硫磺煙,0.18569533817705186,Na,1
竹子湖,0.18569533817705186,Nc,1
繡球,0.18569533817705186,Na,1
