words,tfidf,pos,freq
風箏,0.5848394711620213,Na,2
日落,0.41802398937415175,VA,1
公園,0.41802398937415175,Nc,1
天人菊,0.41802398937415175,Na,1
海灘,0.41802398937415175,Na,1
老梅,0.41802398937415175,Nb,1
動物,0.35355339059327373,Na,1
風景區,0.35355339059327373,Nc,1
衝浪,0.26994850240226326,VA,1
夕陽,0.26994850240226326,Na,1
彩雲,0.26994850240226326,Na,1
浪濤,0.26994850240226326,Na,1
海浪,0.26994850240226326,Na,1
燈塔,0.26994850240226326,Na,1
花海,0.26994850240226326,Na,1
落日,0.26994850240226326,Na,1
