words,tfidf,pos,freq
茶葉,1.4306021230319308,Na,3
時鐘,0.7071067811865475,Na,1
高品,0.49734402596284827,Na,2
人情味,0.4161042000950079,Na,1
商家,0.4161042000950079,Na,1
香港,0.30151134457776363,Nc,1
寶可夢,0.2881612657376634,Na,1
烏龍茶,0.2881612657376634,Na,1
玩家,0.2881612657376634,Na,1
神密盒,0.2881612657376634,Na,1
魚市場,0.2694294174308166,Nc,1
