words,tfidf,pos,freq
馬博,1.4155473753081238,Nb,4
馬利亞文路山,0.5048904476231635,Nb,3
烏拉孟,0.48055947768572865,Nc,2
斷崖,0.3509616353618127,Na,2
中央山脈,0.24027973884286433,Nc,1
山屋,0.24027973884286433,Na,1
山峰,0.18771478898057237,Na,1
山頂,0.18771478898057237,Nc,1
杜鵑,0.18771478898057237,Na,2
杜鵑花,0.18771478898057237,Na,1
馬利亞文路,0.18771478898057237,Nb,4
馬利加南山,0.18771478898057237,Nc,1
馬博拉斯山,0.18771478898057237,Nc,1
