words,tfidf,pos,freq
清幽,0.4472135954999579,VH,1
瀑布,0.4472135954999579,Na,1
