words,tfidf,pos,freq
茶葉,0.6963120584320822,Na,2
清新,0.5901763515960335,VH,2
壯觀,0.5773502691896257,VH,1
幽靜,0.5773502691896257,VH,1
三角點,0.5773502691896257,Nc,1
眉溪,0.5773502691896257,Nc,1
茶園,0.5735728372083255,Nc,2
合歡,0.3886875010458692,Na,1
山茶,0.3886875010458692,Na,1
涼爽,0.2759868351185286,VH,1
產業道路,0.2759868351185286,Na,1
山區,0.2487930329590792,Nc,1
正對面,0.2487930329590792,Na,1
