words,tfidf,pos,freq
壯觀,1.0,VH,1
玉山,0.7651883623450905,Nc,2
主峰,0.3476124308649139,Na,1
鳳尾,0.3476124308649139,Nc,1
