words,tfidf,pos,freq
公園,3.082884989834413,Nc,7
里長,1.2386270438732452,Na,4
清幽,0.781067564367792,VH,1
鳳凰樹,0.7289930069944761,Na,2
籃球場,0.7269861120190212,Nc,2
溜滑梯,0.713830756490069,VA,2
年份,0.5550006699192006,Na,1
生態,0.5109488602265194,Na,1
陌生人,0.4203009933947934,Na,1
二手菸,0.40125844816946554,Na,1
籃框,0.36945869174290796,Na,2
鳳凰,0.36449650349723806,Na,4
鳳凰里,0.36449650349723806,Nc,1
熱量,0.3245927617143842,Na,1
變置物,0.28050809776802443,Na,1
貨車,0.28050809776802443,Na,1
違建,0.28050809776802443,Na,1
