words,tfidf,pos,freq
落羽松,0.7260444713993225,Na,2
幽靜,0.5364329212987224,VH,1
義確山,0.4364357804719848,Nc,2
散步,0.3089730533647421,VA,1
台星科,0.3089730533647421,Nc,1
步道,0.3089730533647421,Na,1
二確山,0.2182178902359924,Nc,1
半途,0.2182178902359924,Nc,1
瘋狗,0.2182178902359924,Na,1
農場,0.2182178902359924,Nc,1
