words,tfidf,pos,freq
消暑,0.9481985278406422,VA,2
清涼,0.9481985278406422,VH,2
原始,0.46114911435169365,VH,1
溪水,0.44249847727290803,Na,1
瀑布,0.35355339059327373,Na,1
