words,tfidf,pos,freq
花蓮,0.7071067811865476,Nc,1
峽谷,0.6123386924849586,Na,4
三棧溪,0.226881926284234,Nc,1
主線,0.226881926284234,Na,1
危險度,0.226881926284234,Na,1
繩索,0.226881926284234,Na,1
仙境,0.16603625990639223,Nc,1
浮水繩,0.16603625990639223,Na,1
頭盎,0.16603625990639223,Na,1
