words,tfidf,pos,freq
海岸線,0.6021015204487483,Na,1
海景,0.5265169768893333,Na,1
步道,0.43170622966363553,Na,1
稜線,0.3684631718696798,Na,1
高點,0.3684631718696798,Na,1
鼻頭角,0.3684631718696798,Nc,1
日落,0.31622776601683794,VA,1
