words,tfidf,pos,freq
自行車,1.0,Na,3
生態,0.7993772265267927,Na,2
鄉村,0.7071067811865475,Nc,1
田野,0.6860990392583974,Nc,2
大漢溪,0.5970837326676434,Nc,1
三坑,0.531896827265727,Nc,2
大溪,0.531896827265727,Nc,2
自行車道,0.531896827265727,Na,2
茶園,0.5,Nc,1
遼闊,0.4657486148068658,VH,1
稻香,0.4657486148068658,Na,1
溪洲,0.40824829046386296,Nc,1
清新,0.29895773585352997,VH,1
老街,0.29895773585352997,Nc,1
自然,0.29387924311362673,VH,1
公園,0.29387924311362673,Nc,1
